ticker,name,market,cap,cap_label,cur,rs_2w,rs_6w,accel,ret_2w,vr,pct52,high52_date,above200,theme,pop_rank
047920,HLB제약,KOSDAQ,580548601200.0,MidCap,12030.0,82.17,-17.73,99.9,86.51,3.65,-42.4,26.01.27,False,건강기능식품,
195940,HK이노엔,KOSDAQ GLOBAL,1538313081300.0,LargeCap,40950.0,9.79,-38.99,48.78,7.76,0.88,-28.9,26.02.23,False,건강기능식품,
078160,메디포스트,KOSDAQ,1097728884000.0,LargeCap,9050.0,-0.32,7.45,-7.77,4.02,0.61,-67.7,26.04.29,False,건강기능식품,
033780,KT&G,KOSPI,20240427842500.0,MegaCap,177200.0,-1.98,-0.22,-1.76,2.37,0.89,-6.2,26.05.14,False,건강기능식품,
214370,케어젠,KOSDAQ,5693790000000.0,LargeCap,41700.0,-2.64,-23.13,20.49,1.71,0.66,-72.2,26.02.20,False,건강기능식품,
007810,코리아써키트,KOSPI,2287941948000.0,LargeCap,74100.0,44.6,10.24,34.36,48.94,2.39,-47.8,26.06.17,False,CXL(컴퓨트익스프레스링크),
440110,파두,KOSDAQ,4081144040500.0,LargeCap,83600.0,34.07,-1.6,35.67,38.41,1.0,-34.8,26.05.22,False,CXL(컴퓨트익스프레스링크),
356860,티엘비,KOSDAQ,834790287000.0,MidCap,45500.0,19.97,41.77,-21.8,24.32,1.15,-65.5,26.05.26,False,CXL(컴퓨트익스프레스링크),
394280,오픈엣지테크놀로지,KOSDAQ,530882579500.0,MidCap,9880.0,19.62,-9.28,28.9,23.96,1.64,-54.7,26.05.04,False,CXL(컴퓨트익스프레스링크),
253590,네오셈,KOSDAQ,839217107320.0,MidCap,13410.0,16.14,38.04,-21.9,20.49,1.85,-35.1,26.05.06,False,CXL(컴퓨트익스프레스링크),
095610,테스,KOSDAQ,1676576000000.0,LargeCap,170800.0,25.05,4.67,20.38,29.39,0.51,-21.5,26.07.14,False,전력반도체,
000990,DB하이텍,KOSPI,6638800128800.0,LargeCap,139800.0,21.26,37.07,-15.81,25.61,1.51,-36.6,26.05.26,False,전력반도체,
039440,에스티아이,KOSDAQ,603224128300.0,MidCap,22750.0,17.97,-12.13,30.1,22.31,1.0,-44.3,26.05.04,False,전력반도체,
005930,삼성전자,KOSPI,1321258965408000.0,MegaCap,272500.0,5.09,-2.01,7.1,9.44,0.73,-24.8,26.06.18,False,전력반도체,
000660,SK하이닉스,KOSPI,921524157945000.0,MegaCap,1765000.0,-0.34,1.91,-2.25,4.01,0.76,-39.5,26.06.22,False,전력반도체,
353200,대덕전자,KOSPI,5702713145000.0,LargeCap,130200.0,29.88,3.34,26.54,34.23,1.24,-31.8,26.05.29,False,온디바이스 AI,
033640,네패스,KOSDAQ,734435583700.0,MidCap,29400.0,28.09,49.57,-21.48,32.43,1.9,-24.5,26.06.16,False,온디바이스 AI,
394280,오픈엣지테크놀로지,KOSDAQ,530882579500.0,MidCap,9880.0,19.62,-9.28,28.9,23.96,1.64,-54.7,26.05.04,False,온디바이스 AI,
323280,태성,KOSDAQ,2617104886000.0,LargeCap,54000.0,15.52,47.29,-31.77,19.87,0.79,-39.8,26.04.27,False,온디바이스 AI,
200710,에이디테크놀로지,KOSDAQ,752526191300.0,MidCap,27550.0,14.92,-10.51,25.43,19.26,0.69,-54.5,26.04.24,False,온디바이스 AI,
036540,SFA반도체,KOSDAQ,1417647811860.0,LargeCap,10550.0,35.76,57.75,-21.99,40.11,3.96,-4.2,26.05.26,False,시스템반도체,
067310,하나마이크론,KOSDAQ,2668538673900.0,LargeCap,46500.0,34.67,15.76,18.91,39.01,1.32,-18.1,26.06.22,False,시스템반도체,
440110,파두,KOSDAQ,4081144040500.0,LargeCap,83600.0,34.07,-1.6,35.67,38.41,1.0,-34.8,26.05.22,False,시스템반도체,
033640,네패스,KOSDAQ,734435583700.0,MidCap,29400.0,28.09,49.57,-21.48,32.43,1.9,-24.5,26.06.16,False,시스템반도체,
490470,세미파이브,KOSDAQ,1334036720000.0,LargeCap,18840.0,24.87,-8.45,33.32,29.22,3.23,-61.4,26.05.04,False,시스템반도체,
033640,네패스,KOSDAQ,734435583700.0,MidCap,29400.0,28.09,49.57,-21.48,32.43,1.9,-24.5,26.06.16,False,뉴로모픽 반도체,
394280,오픈엣지테크놀로지,KOSDAQ,530882579500.0,MidCap,9880.0,19.62,-9.28,28.9,23.96,1.64,-54.7,26.05.04,False,뉴로모픽 반도체,
005930,삼성전자,KOSPI,1321258965408000.0,MegaCap,272500.0,5.09,-2.01,7.1,9.44,0.73,-24.8,26.06.18,False,뉴로모픽 반도체,
079370,제우스,KOSDAQ,510539655400.0,MidCap,13300.0,32.91,17.81,15.1,37.25,2.87,-35.0,26.01.28,False,HBM(고대역폭메모리),
033160,엠케이전자,KOSDAQ,665805819250.0,MidCap,16830.0,28.49,-9.43,37.92,32.83,0.72,-50.8,26.05.22,False,HBM(고대역폭메모리),
281820,케이씨텍,KOSPI,1233456580300.0,LargeCap,88100.0,27.74,-1.31,29.05,32.08,0.93,-25.0,26.07.01,False,HBM(고대역폭메모리),
003160,디아이,KOSPI,977765000000.0,MidCap,36700.0,20.7,48.79,-28.09,25.04,1.41,-5.3,26.03.20,False,HBM(고대역폭메모리),
232140,와이씨,KOSDAQ,1866531712500.0,LargeCap,14230.0,20.48,35.08,-14.6,24.82,1.76,-40.0,26.05.06,False,HBM(고대역폭메모리),
053610,프로텍,KOSDAQ,893200000000.0,MidCap,78500.0,23.3,9.72,13.58,27.64,1.2,-18.6,26.05.21,False,전자파,
089010,켐트로닉스,KOSDAQ,675832088100.0,MidCap,25850.0,14.23,14.93,-0.7,18.58,2.06,-43.4,26.05.06,False,전자파,
042700,한미반도체,KOSPI,34074111500000.0,MegaCap,252000.0,7.66,8.03,-0.37,12.0,0.67,-38.5,26.05.14,False,전자파,
007810,코리아써키트,KOSPI,2287941948000.0,LargeCap,74100.0,44.6,10.24,34.36,48.94,2.39,-47.8,26.06.17,False,반도체 기판(FC-BGA/PCB/MLB 등),
077360,덕산하이메탈,KOSDAQ,801054345260.0,MidCap,14090.0,38.99,15.35,23.64,43.34,1.09,-28.1,26.05.04,False,반도체 기판(FC-BGA/PCB/MLB 등),
420770,기가비스,KOSDAQ,1382925197800.0,LargeCap,129000.0,33.04,-6.14,39.18,37.38,1.4,-32.9,26.06.30,False,반도체 기판(FC-BGA/PCB/MLB 등),
353200,대덕전자,KOSPI,5702713145000.0,LargeCap,130200.0,29.88,3.34,26.54,34.23,1.24,-31.8,26.05.29,False,반도체 기판(FC-BGA/PCB/MLB 등),
356860,티엘비,KOSDAQ,834790287000.0,MidCap,45500.0,19.97,41.77,-21.8,24.32,1.15,-65.5,26.05.26,False,반도체 기판(FC-BGA/PCB/MLB 등),
007810,코리아써키트,KOSPI,2287941948000.0,LargeCap,74100.0,44.6,10.24,34.36,48.94,2.39,-47.8,26.06.17,False,소캠(SOCAMM),
353200,대덕전자,KOSPI,5702713145000.0,LargeCap,130200.0,29.88,3.34,26.54,34.23,1.24,-31.8,26.05.29,False,소캠(SOCAMM),
033160,엠케이전자,KOSDAQ,665805819250.0,MidCap,16830.0,28.49,-9.43,37.92,32.83,0.72,-50.8,26.05.22,False,소캠(SOCAMM),
356860,티엘비,KOSDAQ,834790287000.0,MidCap,45500.0,19.97,41.77,-21.8,24.32,1.15,-65.5,26.05.26,False,소캠(SOCAMM),
425420,티에프이,KOSDAQ,819852818400.0,MidCap,63300.0,15.09,84.33,-69.24,19.43,1.08,-14.9,26.05.06,False,소캠(SOCAMM),
009150,삼성전기,KOSPI,61771686592000.0,MegaCap,1528000.0,9.94,20.21,-10.27,14.29,0.78,-32.7,26.06.19,False,S7(삼성전자/SK하이닉스 등),
402340,SK스퀘어,KOSPI,109525460380000.0,MegaCap,1118000.0,7.46,-0.53,7.99,11.8,0.88,-43.2,26.06.22,False,S7(삼성전자/SK하이닉스 등),
005935,삼성전자우,KOSPI,131187691690500.0,MegaCap,204000.0,6.89,-0.85,7.74,11.23,1.14,-13.2,26.06.25,False,S7(삼성전자/SK하이닉스 등),
005930,삼성전자,KOSPI,1321258965408000.0,MegaCap,272500.0,5.09,-2.01,7.1,9.44,0.73,-24.8,26.06.18,False,S7(삼성전자/SK하이닉스 등),
000660,SK하이닉스,KOSPI,921524157945000.0,MegaCap,1765000.0,-0.34,1.91,-2.25,4.01,0.76,-39.5,26.06.22,False,S7(삼성전자/SK하이닉스 등),
036540,SFA반도체,KOSDAQ,1417647811860.0,LargeCap,10550.0,35.76,57.75,-21.99,40.11,3.96,-4.2,26.05.26,False,반도체 장비,
036540,SFA반도체,KOSDAQ,1417647811860.0,LargeCap,10550.0,35.76,57.75,-21.99,40.11,3.96,-4.2,26.05.26,False,반도체 장비,
067310,하나마이크론,KOSDAQ,2668538673900.0,LargeCap,46500.0,34.67,15.76,18.91,39.01,1.32,-18.1,26.06.22,False,반도체 장비,
420770,기가비스,KOSDAQ,1382925197800.0,LargeCap,129000.0,33.04,-6.14,39.18,37.38,1.4,-32.9,26.06.30,False,반도체 장비,
079370,제우스,KOSDAQ,510539655400.0,MidCap,13300.0,32.91,17.81,15.1,37.25,2.87,-35.0,26.01.28,False,반도체 장비,
039440,에스티아이,KOSDAQ,603224128300.0,MidCap,22750.0,17.97,-12.13,30.1,22.31,1.0,-44.3,26.05.04,False,3D 프린터,
090710,휴림로봇,KOSDAQ,1542192413270.0,LargeCap,6050.0,-3.0,-0.42,-2.58,1.34,0.9,-71.9,26.01.21,False,3D 프린터,
090360,로보스타,KOSDAQ,687375000000.0,MidCap,76000.0,-3.95,26.42,-30.37,0.4,0.46,-52.1,26.06.02,False,3D 프린터,
376900,로킷헬스케어,KOSDAQ,1282707228500.0,LargeCap,27400.0,-12.71,-3.86,-8.85,-8.36,0.82,-81.5,26.04.01,False,3D 프린터,
000990,DB하이텍,KOSPI,6638800128800.0,LargeCap,139800.0,21.26,37.07,-15.81,25.61,1.51,-36.6,26.05.26,False,반도체 대표주(생산),
005930,삼성전자,KOSPI,1321258965408000.0,MegaCap,272500.0,5.09,-2.01,7.1,9.44,0.73,-24.8,26.06.18,False,반도체 대표주(생산),
000660,SK하이닉스,KOSPI,921524157945000.0,MegaCap,1765000.0,-0.34,1.91,-2.25,4.01,0.76,-39.5,26.06.22,False,반도체 대표주(생산),
067630,HLB생명과학,KOSDAQ,523633764110.0,MidCap,3630.0,42.92,25.16,17.76,47.26,3.89,-29.5,26.01.27,False,줄기세포,
005690,파미셀,KOSPI,1186535378280.0,LargeCap,12080.0,5.87,11.33,-5.46,10.22,2.47,-40.3,26.05.04,False,줄기세포,
078160,메디포스트,KOSDAQ,1097728884000.0,LargeCap,9050.0,-0.32,7.45,-7.77,4.02,0.61,-67.7,26.04.29,False,줄기세포,
085660,차바이오텍,KOSDAQ,1617673615200.0,LargeCap,8180.0,-1.32,-2.9,1.58,3.02,0.59,-65.7,26.01.29,False,줄기세포,
007390,네이처셀,KOSDAQ,1277102809920.0,LargeCap,24350.0,-8.29,18.36,-26.65,-3.94,0.5,-29.5,26.06.04,False,줄기세포,
043260,성호전자,KOSDAQ,3106419647400.0,LargeCap,23650.0,33.64,17.86,15.78,37.98,3.24,-55.5,26.04.14,False,공기청정기,
005930,삼성전자,KOSPI,1321258965408000.0,MegaCap,272500.0,5.09,-2.01,7.1,9.44,0.73,-24.8,26.06.18,False,공기청정기,
066570,LG전자,KOSPI,22119971354600.0,MegaCap,213500.0,3.37,25.4,-22.03,7.72,0.67,-45.6,26.06.02,False,공기청정기,
058610,에스피지,KOSDAQ,2885274536000.0,LargeCap,97300.0,2.93,-0.99,3.92,7.28,0.56,-38.5,26.01.29,False,공기청정기,
284740,쿠쿠홈시스,KOSPI,556445784000.0,MidCap,23800.0,-2.42,11.74,-14.16,1.93,0.81,-11.7,26.02.25,False,공기청정기,
005930,삼성전자,KOSPI,1321258965408000.0,MegaCap,272500.0,5.09,-2.01,7.1,9.44,0.73,-24.8,26.06.18,False,가상현실(VR),
066570,LG전자,KOSPI,22119971354600.0,MegaCap,213500.0,3.37,25.4,-22.03,7.72,0.67,-45.6,26.06.02,False,가상현실(VR),
058610,에스피지,KOSDAQ,2885274536000.0,LargeCap,97300.0,2.93,-0.99,3.92,7.28,0.56,-38.5,26.01.29,False,가상현실(VR),
094170,동운아나텍,KOSDAQ,993221960000.0,MidCap,26850.0,-4.72,3.32,-8.04,-0.37,0.48,-51.3,26.05.11,False,가상현실(VR),
045100,한양이엔지,KOSDAQ,587125000000.0,MidCap,32550.0,9.07,-2.15,11.22,13.41,0.75,-15.2,26.07.01,False,초전도체,
010120,LS ELECTRIC,KOSPI,40950000000000.0,MegaCap,205000.0,-1.48,10.98,-12.46,2.86,0.63,-76.9,26.03.20,False,초전도체,
065350,신성델타테크,KOSDAQ,1610559352800.0,LargeCap,30650.0,-2.52,6.93,-9.45,1.83,0.6,-61.5,26.01.30,False,초전도체,
002240,고려제강,KOSPI,711450000000.0,MidCap,16550.0,-6.42,3.79,-10.21,-2.07,1.74,-39.2,26.04.28,False,초전도체,
077360,덕산하이메탈,KOSDAQ,801054345260.0,MidCap,14090.0,38.99,15.35,23.64,43.34,1.09,-28.1,26.05.04,False,반도체 재료/부품,
067310,하나마이크론,KOSDAQ,2668538673900.0,LargeCap,46500.0,34.67,15.76,18.91,39.01,1.32,-18.1,26.06.22,False,반도체 재료/부품,
033160,엠케이전자,KOSDAQ,665805819250.0,MidCap,16830.0,28.49,-9.43,37.92,32.83,0.72,-50.8,26.05.22,False,반도체 재료/부품,
033640,네패스,KOSDAQ,734435583700.0,MidCap,29400.0,28.09,49.57,-21.48,32.43,1.9,-24.5,26.06.16,False,반도체 재료/부품,
281820,케이씨텍,KOSPI,1233456580300.0,LargeCap,88100.0,27.74,-1.31,29.05,32.08,0.93,-25.0,26.07.01,False,반도체 재료/부품,
053610,프로텍,KOSDAQ,893200000000.0,MidCap,78500.0,23.3,9.72,13.58,27.64,1.2,-18.6,26.05.21,False,LED장비,
131290,티에스이,KOSDAQ,1867169215200.0,LargeCap,297000.0,21.5,29.61,-8.11,25.85,0.57,-3.1,26.09.10,False,LED장비,
122640,예스티,KOSDAQ,614874844800.0,MidCap,32550.0,8.87,36.85,-27.98,13.22,0.72,-18.3,26.06.18,False,LED장비,
005930,삼성전자,KOSPI,1321258965408000.0,MegaCap,272500.0,5.09,-2.01,7.1,9.44,0.73,-24.8,26.06.18,False,제습기,
066570,LG전자,KOSPI,22119971354600.0,MegaCap,213500.0,3.37,25.4,-22.03,7.72,0.67,-45.6,26.06.02,False,제습기,
058610,에스피지,KOSDAQ,2885274536000.0,LargeCap,97300.0,2.93,-0.99,3.92,7.28,0.56,-38.5,26.01.29,False,제습기,
284740,쿠쿠홈시스,KOSPI,556445784000.0,MidCap,23800.0,-2.42,11.74,-14.16,1.93,0.81,-11.7,26.02.25,False,제습기,
021240,코웨이,KOSPI,6185073032400.0,LargeCap,101500.0,-3.35,12.97,-16.32,1.0,1.37,-5.6,26.09.17,False,제습기,
