theme,n_large,rs_2w_avg,rs_6w_avg,accel_avg,up_ratio,up_count,total
건강기능식품,6,9.11,-17.74,26.86,66.7,4,6
의료기기,14,3.58,-11.59,15.17,71.4,10,14
전자파,3,17.41,3.11,14.3,100.0,3,3
온디바이스 AI,12,11.89,-1.65,13.55,91.7,11,12
반도체 기판(FC-BGA/PCB/MLB 등),9,21.39,7.85,13.54,100.0,9,9
CXL(컴퓨트익스프레스링크),7,18.04,5.92,12.12,100.0,7,7
오가노이드,3,3.89,-6.04,9.94,33.3,1,3
HBM(고대역폭메모리),17,12.33,3.15,9.18,94.1,16,17
시스템반도체,18,13.1,5.62,7.48,94.4,17,18
전력반도체,5,11.3,4.18,7.12,100.0,5,5
의료AI,5,2.33,-4.54,6.88,80.0,4,5
소캠(SOCAMM),8,18.25,11.85,6.4,100.0,8,8
고령화 사회(노인복지),12,2.04,-3.85,5.89,58.3,7,12
비만치료제,16,-2.24,-8.04,5.8,37.5,6,16
줄기세포,5,8.36,3.17,5.19,80.0,4,5
패션/의류,10,-2.67,-7.16,4.49,40.0,4,10
음성인식,3,-10.28,-14.56,4.28,0.0,0,3
유리 기판,7,14.9,11.02,3.87,100.0,7,7
3D 프린터,4,-3.76,-7.54,3.78,25.0,1,4
유전자 치료제/분석,9,-2.73,-6.03,3.3,55.6,5,9
뉴로모픽 반도체,3,13.79,10.84,2.95,100.0,3,3
미용기기,7,-5.71,-8.54,2.83,28.6,2,7
초전도체,4,-1.28,-4.06,2.78,50.0,2,4
LED장비,3,18.64,16.04,2.59,100.0,3,3
메타버스(Metaverse),9,-1.76,-3.91,2.15,44.4,4,9
공기청정기,6,5.77,3.74,2.02,66.7,4,6
S7(삼성전자/SK하이닉스 등),7,1.15,-0.85,2.0,71.4,5,7
원격진료/비대면진료(U-Healthcare),5,-0.12,-1.76,1.64,80.0,4,5
보톡스(보툴리눔톡신),3,-8.24,-9.75,1.51,0.0,0,3
반도체 장비,33,13.23,11.92,1.31,90.9,30,33
카메라모듈/부품,4,1.36,0.25,1.11,75.0,3,4
반도체 재료/부품,30,10.59,9.48,1.1,86.7,26,30
NFT(대체불가토큰),6,-9.07,-10.0,0.93,16.7,1,6
제대혈,3,-3.41,-4.23,0.82,66.7,2,3
자동차 대표주,7,-9.87,-10.1,0.23,14.3,1,7
전기차(충전소/충전기),7,-5.73,-5.49,-0.25,28.6,2,7
조선,6,-9.04,-8.29,-0.75,0.0,0,6
폴더블폰,11,2.05,2.81,-0.76,72.7,8,11
스마트폰,12,3.56,4.35,-0.79,66.7,8,12
리츠(REITs),6,-5.09,-4.2,-0.88,50.0,3,6
양자암호/양자컴퓨팅,4,-4.43,-3.44,-1.0,25.0,1,4
우주태양광(페로브스카이트 등),5,1.23,2.37,-1.14,80.0,4,5
제약업체,22,-3.05,-1.88,-1.17,31.8,7,22
모바일콘텐츠(스마트폰/태블릿PC),5,-6.75,-5.35,-1.39,20.0,1,5
면역항암제,12,-3.74,-2.08,-1.67,58.3,7,12
모더나(MODERNA),3,-2.07,-0.25,-1.82,33.3,1,3
PCB(FPCB 등),12,12.74,14.59,-1.86,91.7,11,12
갤럭시 부품주,9,6.52,8.73,-2.21,88.9,8,9
카카오뱅크(kakao BANK),4,-10.09,-7.62,-2.46,0.0,0,4
드론(Drone),9,0.53,3.1,-2.56,66.7,6,9
스마트카(SMART CAR),4,-1.18,1.4,-2.58,50.0,2,4
엔터테인먼트,4,-8.45,-5.8,-2.66,25.0,1,4
코로나19(진단키트),7,-3.96,-1.3,-2.67,28.6,2,7
치매,17,-4.23,-1.04,-3.19,29.4,5,17
탈모 치료,6,-8.71,-5.48,-3.23,16.7,1,6
자율주행차,20,-3.64,-0.28,-3.36,40.0,8,20
백화점,4,-7.81,-4.29,-3.52,25.0,1,4
타이어,8,-7.94,-3.79,-4.15,37.5,3,8
무선충전기술,6,3.21,7.51,-4.3,100.0,6,6
카지노,4,-8.64,-3.91,-4.73,0.0,0,4
통신,3,-7.12,-2.24,-4.88,0.0,0,3
코로나19(진단/치료제/백신 개발 등),19,-5.6,-0.54,-5.06,31.6,6,19
가상현실(VR),4,-3.64,1.83,-5.48,50.0,2,4
피지컬 AI/휴머노이드 로봇,18,-6.89,-1.39,-5.5,27.8,5,18
종합상사,5,-6.0,-0.45,-5.55,40.0,2,5
日 수출 규제(국산화 등),6,3.74,9.46,-5.72,83.3,5,6
소매유통,8,-9.4,-3.48,-5.92,12.5,1,8
삼성페이,6,-7.66,-1.2,-6.46,33.3,2,6
음식료업종,16,-7.39,-0.7,-6.68,12.5,2,16
부동산 보유 자산주,9,-10.04,-3.33,-6.71,0.0,0,9
플렉서블 디스플레이,8,8.22,15.04,-6.81,87.5,7,8
UAM(도심항공모빌리티),15,-5.54,1.33,-6.87,33.3,5,15
핀테크(FinTech),8,-9.39,-2.49,-6.9,12.5,1,8
코로나19(치료제/백신 개발 등),11,-6.76,0.24,-7.0,27.3,3,11
인터넷은행,11,-9.17,-1.85,-7.32,9.1,1,11
스마트홈(홈네트워크),8,-5.12,2.37,-7.49,37.5,3,8
바이오시밀러(복제 바이오의약품),11,-6.8,0.74,-7.53,36.4,4,11
증권,15,-8.88,-1.15,-7.73,20.0,3,15
홈쇼핑,3,-11.69,-3.94,-7.75,33.3,1,3
제습기,5,-3.54,4.35,-7.89,60.0,3,5
LED,8,6.25,14.32,-8.07,75.0,6,8
수소에너지(수소차/연료전지 등),21,1.25,9.35,-8.11,61.9,13,21
로봇(산업용/협동로봇 등),23,-4.75,3.41,-8.16,34.8,8,23
자동차부품,20,-4.8,3.47,-8.27,45.0,9,20
반도체 대표주(생산),3,5.01,13.4,-8.4,100.0,3,3
코리아 밸류업 지수(Korea Value-up Index),84,-5.94,2.59,-8.53,33.3,28,84
5G(5세대 이동통신),17,3.98,12.55,-8.58,70.6,12,17
클라우드 컴퓨팅,10,-6.24,2.41,-8.65,20.0,2,10
태양광에너지,14,-0.8,7.9,-8.69,71.4,10,14
항공/저가 항공사(LCC),3,-0.71,8.07,-8.78,66.7,2,3
항공기부품,7,-7.07,1.72,-8.78,28.6,2,7
두나무(Dunamu),6,-4.6,4.27,-8.87,50.0,3,6
스마트팩토리(스마트공장),11,-2.76,6.16,-8.92,36.4,4,11
밸류업(24년 기업가치 제고계획 발표),75,-6.65,2.63,-9.28,28.0,21,75
아이폰,11,-0.89,8.4,-9.29,63.6,7,11
블록체인,9,-7.51,1.9,-9.41,11.1,1,9
해운,4,-4.06,5.36,-9.42,100.0,4,4
스페이스X(SpaceX),8,1.98,11.45,-9.47,75.0,6,8
환율하락 수혜,18,-7.05,2.43,-9.49,33.3,6,18
화학섬유,3,-8.79,0.91,-9.7,66.7,2,3
방위산업/전쟁 및 테러,30,-2.25,7.56,-9.81,53.3,16,30
지주사,62,-5.66,4.21,-9.88,30.6,19,62
AI 챗봇(챗GPT 등),4,-4.89,5.04,-9.94,25.0,1,4
희귀금속(희토류 등),4,-2.29,7.7,-9.98,50.0,2,4
은행,10,-9.08,0.98,-10.06,0.0,0,10
가상화폐(비트코인 등),6,-9.48,0.58,-10.06,16.7,1,6
보안주(정보),3,-1.51,8.98,-10.5,33.3,1,3
SI(시스템통합),9,-6.73,3.78,-10.5,22.2,2,9
게임,11,-9.74,0.88,-10.62,9.1,1,11
모바일게임(스마트폰),11,-9.74,0.88,-10.62,9.1,1,11
전력저장장치(ESS),21,-1.1,9.54,-10.64,57.1,12,21
화장품,19,-4.39,6.27,-10.66,47.4,9,19
겨울,8,-6.86,4.08,-10.94,37.5,3,8
음원/음반,4,-12.16,-1.19,-10.97,0.0,0,4
OLED(유기 발광 다이오드),20,4.44,15.6,-11.16,70.0,14,20
편의점,4,-10.99,0.46,-11.45,0.0,0,4
2차전지(나트륨이온),4,-7.94,3.61,-11.55,25.0,1,4
면세점,4,-12.78,-1.2,-11.57,0.0,0,4
2차전지(장비),4,17.8,29.63,-11.84,100.0,4,4
전력설비,18,0.45,12.34,-11.89,61.1,11,18
지능형로봇/인공지능(AI),15,-2.91,9.0,-11.91,46.7,7,15
IT 대표주,6,-3.63,8.43,-12.06,50.0,3,6
강관업체(Steel pipe),3,-4.01,8.15,-12.16,66.7,2,3
전선,7,7.16,19.55,-12.39,85.7,6,7
밸류업(25년 기업가치 제고계획 발표),55,-4.23,8.19,-12.42,38.2,21,55
창투사,3,1.78,14.29,-12.52,100.0,3,3
황사/미세먼지,5,-8.88,3.64,-12.52,0.0,0,5
LNG(액화천연가스),21,-7.26,5.78,-13.03,28.6,6,21
니켈,6,-6.49,6.62,-13.11,33.3,2,6
조선기자재,15,-6.13,7.08,-13.21,33.3,5,15
mRNA(메신저 리보핵산),6,-3.37,10.5,-13.88,66.7,4,6
폐배터리,7,-7.75,6.13,-13.88,28.6,2,7
STO(토큰증권 발행),13,-9.97,4.43,-14.39,15.4,2,13
철강 중소형,3,0.8,15.2,-14.4,66.7,2,3
철도,7,-8.07,6.72,-14.79,42.9,3,7
남북경협,8,-5.9,9.16,-15.06,25.0,2,8
전기차,30,-2.24,12.84,-15.08,53.3,16,30
건설기계,3,-10.57,5.2,-15.77,33.3,1,3
전자결제(전자화폐),5,-7.79,8.1,-15.9,20.0,1,5
우주항공산업(누리호/인공위성 등),21,1.11,17.56,-16.44,76.2,16,21
웹툰,3,-8.2,8.5,-16.7,0.0,0,3
석유화학,12,-5.04,11.8,-16.84,50.0,6,12
자원개발,6,-4.5,12.44,-16.94,50.0,3,6
"백신/진단시약/방역(신종플루, AI 등)",12,-6.75,10.42,-17.17,25.0,3,12
호텔/리조트,11,-9.46,7.75,-17.21,0.0,0,11
고체산화물 연료전지(SOFC),10,9.19,26.61,-17.42,70.0,7,10
풍력에너지,19,-5.09,12.68,-17.78,36.8,7,19
철강 주요종목,8,-8.3,9.54,-17.85,37.5,3,8
스테이블코인,7,-12.59,5.54,-18.13,0.0,0,7
2차전지,44,-0.5,18.09,-18.59,54.5,24,44
2차전지(소재/부품),33,-2.81,16.01,-18.82,48.5,16,33
2차전지(전고체),12,0.26,19.53,-19.28,66.7,8,12
통신장비,11,3.06,22.79,-19.73,81.8,9,11
냉각시스템(액침냉각 등),8,-2.13,17.63,-19.76,62.5,5,8
주유소,5,-5.86,14.19,-20.05,40.0,2,5
윤활유,4,-2.6,17.93,-20.52,75.0,3,4
여름,9,-8.56,12.14,-20.71,22.2,2,9
셰일가스(Shale Gas),9,-8.16,12.8,-20.96,22.2,2,9
스마트그리드(지능형전력망),7,-1.22,19.78,-21.01,71.4,5,7
온실가스(탄소배출권)/탄소 포집·활용·저장(CCUS),6,-5.92,15.99,-21.9,33.3,2,6
피팅(관이음쇠)/밸브,3,-4.57,17.59,-22.16,66.7,2,3
손해보험,7,-8.97,13.21,-22.18,0.0,0,7
야놀자(Yanolja),3,-6.59,15.76,-22.35,33.3,1,3
2차전지(LFP/리튬인산철),4,-3.51,20.04,-23.56,50.0,2,4
생명보험,4,-9.04,14.61,-23.66,0.0,0,4
광통신(광케이블/광섬유 등),8,9.57,34.13,-24.56,87.5,7,8
LPG(액화석유가스),5,-4.57,20.22,-24.79,40.0,2,5
리튬,10,-8.22,16.89,-25.11,30.0,3,10
리비안(RIVIAN),5,-1.96,23.27,-25.23,60.0,3,5
수자원(양적/질적 개선),9,-9.72,16.34,-26.05,11.1,1,9
정유,3,-2.76,24.6,-27.36,66.7,2,3
원자력발전,23,-8.17,20.44,-28.62,30.4,7,23
MLCC(적층세라믹콘덴서),4,3.3,32.14,-28.83,100.0,4,4
전후 재건(우크라/중동 전쟁 등),10,-9.63,19.9,-29.53,30.0,3,10
모듈러주택,3,-11.59,18.36,-29.95,0.0,0,3
2차전지(생산),3,-6.11,23.89,-29.99,33.3,1,3
마이크로 LED,4,3.11,33.28,-30.17,75.0,3,4
GTX(수도권 광역급행철도),8,-12.51,19.31,-31.82,0.0,0,8
비철금속,7,-8.13,26.19,-34.31,42.9,3,7
원자력발전소 해체,8,-12.57,23.07,-35.64,0.0,0,8
귀금속(금/은),3,-15.12,25.59,-40.71,0.0,0,3
핵융합에너지,5,-0.41,41.0,-41.41,60.0,3,5
건설 대표주,6,-12.65,29.36,-42.01,0.0,0,6
